ClienteID,Nombre,RUT,Correo
1,Nicolasa Iris Caballero Pastor,5159932-2,dnicolau@gmail.com
2,Elba Aragonés,21628634-0,marcia36@yahoo.com
3,Marita Murcia Yuste,1304049-4,mbriones@hotmail.com
4,Eladio Solé Moll,6627941-3,borjaibanez@paredes.com
5,Angelita Sebastián,8536458-8,cruzconcepcion@yahoo.com
6,Carolina Marco,20523770-4,lucianoarino@yahoo.com
7,Luna Valera,24505126-3,godofredo74@mendez.es
8,Ramón Bernal Salas,23563339-6,marcelinoperera@yahoo.com
9,Aitana del Izaguirre,22760127-2,cbusquets@guzman.es
10,Paloma Nicolau Ribera,5686521-7,pereraregina@hotmail.com
11,Sebastián Vilalta Roman,5743170-9,lilianagalvez@navas.com
12,Amparo Áurea Guerra Priego,2886846-4,javiermorillo@gmail.com
13,Quirino Téllez Campillo,9348419-3,trujillomarianela@uria-chaparro.org
14,Jose Ignacio Céspedes Marco,7906603-6,renatoramos@hotmail.com
15,María Dolores Carlos Manso,17517528-8,severinovalverde@bravo-dieguez.com
16,Angelino Natanael Villalonga Arranz,16747758-5,wrojas@gmail.com
17,Pancho del Monreal,3419918-3,florencia29@hotmail.com
18,Luna Uriarte Avilés,13735426-8,ecortina@ariza.net
19,Juana Vazquez,6822007-6,qchico@mercader.com
20,Natalia Seguí-Piña,1486772-4,jtena@jaume-penalver.es
21,Ruy Hervia,23300791-9,juan-bautista66@alberto-gimeno.es
22,Cristian Garcés Sanmartín,12812691-0,carrionanselma@anaya.net
23,Cándido Sierra Mercader,2788102-5,lumbrerasalba@yahoo.com
24,Celestino Juan Jurado,5070915-9,encarnacion45@yahoo.com
25,Martín Benavides,10793033-7,pelayovalles@hotmail.com
26,Fabricio Abella Cuenca,1442029-0,buenopriscila@minguez-vila.es
27,Jose Ramón Iker Carnero Sans,14397748-K,tonimachado@parejo.com
28,Carmelita Alfonso Solsona,15333453-6,xavierguzman@gmail.com
29,Ramón Rosell Valle,13321885-8,saldanaelisa@gmail.com
30,Marisela Cáceres Romeu,11680019-5,eutropiobarral@hotmail.com
31,Odalys Evelia Royo Salgado,15421420-8,encarnacion62@gmail.com
32,Blas Andrés Patiño,24237015-5,pachecowalter@hotmail.com
33,Pánfilo Asdrubal Cañas Verdugo,13135716-8,acueto@quiroga.es
34,Tamara Borrás,5048903-5,mascaroamanda@pellicer-lucas.net
35,Aitana Bosch Coca,21920797-2,peralrosenda@hotmail.com
36,Odalis Ribes,20470263-2,dcoll@montes.com
37,Julio del Murillo,21087404-6,maria-angelesduran@yahoo.com
38,José Manuel Rosell-Taboada,5619326-K,pliniogibert@yahoo.com
39,Florentina Garrido-Neira,6986140-7,marinamosquera@gmail.com
40,Maxi Ramirez Menéndez,14756123-7,bernarda39@corral.es
41,Albert Muñoz Rojas,8759468-8,drodrigo@yahoo.com
42,Martirio Rodrigo Navarro,8310358-2,lourdesquintanilla@gmail.com
43,Manu Molins Cazorla,1104428-K,filomenaferrandez@hotmail.com
44,Gastón Íñigo Varela Sanmiguel,5446631-5,diana59@hotmail.com
45,Gastón Elías,18343965-0,loretocanas@gmail.com
46,Brígida Quirós Llorens,22005903-0,tiburciosaez@hotmail.com
47,Lázaro Hernando Alemán,9105089-7,nbastida@hotmail.com
48,Eleuterio Domingo-Márquez,18090668-1,emelina37@yahoo.com
49,Mayte Maldonado Cabo,18313517-1,mayte99@hotmail.com
50,Custodio Palma Flor,7348782-K,fajardoalbano@neira.es
51,José Luis Calisto Guillen Jara,6974614-4,agustijuan-jose@gallardo-rodriguez.org
52,Gloria Valverde-Ródenas,6673901-5,diezsimon@tamayo-valles.es
53,Gil Román Comas,8891212-8,bcastells@yahoo.com
54,Emilio Borrego Azcona,18474821-5,nebotalfonso@yahoo.com
55,Eva Castellanos,9374492-6,marisolzorrilla@gmail.com
56,Guiomar Aragonés Sanchez,1970888-8,sebastian50@hotmail.com
57,Ricardo de Valls,20913007-6,olimpia29@cuadrado-mancebo.net
58,Ezequiel Catalán,23077919-8,asacristan@miro.es
59,Mireia Barrios,9877990-6,samigo@gmail.com
60,Luisina Lastra Blanco,3360971-K,carmela88@gmail.com
61,Leocadio Lisandro Solana Manrique,4525365-1,telloheriberto@hervas.org
62,Maricruz Coll,19433437-0,santanafelicia@gmail.com
63,Macario Francisco Granados,21202404-K,jeronimoasensio@hotmail.com
64,Remigio del Fábregas,9017688-9,saturnino37@gmail.com
65,Herminio de Diaz,4734370-4,jgrau@garate.es
66,Severo Rocha Gabaldón,12503080-7,wlumbreras@gmail.com
67,Celso Coll Millán,19582501-7,vmora@cortes-uriarte.org
68,Elpidio Lillo Seco,14377954-8,wlumbreras@talavera-vilar.es
69,Macario de Carrión,9416428-1,maytecanet@yahoo.com
70,Macarena Mur Santiago,15896088-5,ileanasegovia@olivera.com
71,Carlota Joaquina Menendez Aznar,4852699-3,jcoello@quintero.es
72,Yéssica Linares Castilla,10671702-8,ogalindo@gmail.com
73,Américo Barral Pagès,17750914-0,ale58@estevez.com
74,María Cristina Iniesta,14490066-9,ebarreda@gomez.com
75,Rogelio Vallés-Uría,7806238-K,gloriasebastian@sanjuan.es
76,Sabina Rocha,21973137-K,manubauza@yahoo.com
77,Mar Paredes-Seco,8851546-3,xbermudez@rossello.com
78,Francisco Jose Castejón Naranjo,17590078-0,valerio86@gmail.com
79,Sonia Madrigal Malo,9153031-7,barberachema@hotmail.com
80,Bárbara Montenegro-Gárate,1038335-8,gilabertdebora@giralt-fiol.com
81,Alma Alvarado Aramburu,12341330-K,cordobaheriberto@hotmail.com
82,Luis Augusto Iglesia Bertrán,7329044-9,guzmanpastor@hotmail.com
83,Armando Blázquez,8423718-3,candida63@hotmail.com
84,Francisco Cisneros Sáez,7039237-2,hcantero@penas-tapia.es
85,Ximena Manso Alonso,22564527-2,casemirohernandez@gmail.com
86,Anita Vazquez Seco,2192107-6,petrona24@yahoo.com
87,Adela Coloma Ruano,21822757-0,acevedoseveriano@almeida.com
88,Ligia Sancho Alcolea,7340758-3,carlahernandez@huertas.es
89,Felicia Moll-Arroyo,22724783-5,acevedojose-ignacio@larranaga-noguera.com
90,Teresa Vicens Ángel,16767825-4,hcanet@barba-flores.org
91,Carina del Herranz,7593406-8,barrenadaniela@hotmail.com
92,Carmela Acevedo-Elorza,1307186-1,marquezjoan@carreno.com
93,Valerio Fernández Taboada,12337712-5,granadosmaribel@collado-lago.es
94,Chema Saez Vergara,14988485-8,mpalomino@yahoo.com
95,Hortensia Pellicer Delgado,14308800-6,gomilaluis@artigas.com
96,Marcia Solé Cisneros,22475373-K,querovera@carvajal.es
97,Nuria Ferrándiz Bueno,12412511-1,qcerda@hotmail.com
98,María Cristina Noa Márquez Montoya,4034970-7,poncechus@cespedes.com
99,Joan de Villar,15160525-7,moratarufino@lara-bayo.net
100,Sancho Yáñez,21478018-6,florentina25@egea-alemany.com
